archivo,imagen,autor,licencia,enlace_licencia,pagina_fuente,imagen_original,cambios
assets/logos/real-madrid.png,Escudo de Real Madrid CF,Titular del escudo: el club; consultar ficha de origen,Escudo/marca: no se presupone licencia libre,,https://en.wikipedia.org/wiki/Real_Madrid_CF,https://thumb.wikimedia.org/wikipedia/en/thumb/5/56/Real_Madrid_CF.svg/250px-Real_Madrid_CF.svg.png?utm_source=en.wikipedia.org&utm_campaign=parser&utm_content=thumbnail,Ajuste de tamaño y lienzo transparente a 256x256
assets/photos/real-madrid-1.jpg,File:Estadio Santiago Bernabéu - 01.jpg,Carlos Delgado,CC BY-SA 3.0,https://creativecommons.org/licenses/by-sa/3.0,https://commons.wikimedia.org/wiki/File:Estadio_Santiago_Bernab%C3%A9u_-_01.jpg,https://upload.wikimedia.org/wikipedia/commons/3/3c/Estadio_Santiago_Bernab%C3%A9u_-_01.jpg?utm_source=commons.wikimedia.org&utm_campaign=imageinfo&utm_content=original,Recorte central 3:4 y conversión/redimensionado JPG 900x1200; se conserva la licencia indicada
assets/photos/real-madrid-2.jpg,File:Santiagobernabeupanoramav45.JPG,لا روسا,CC BY-SA 3.0,https://creativecommons.org/licenses/by-sa/3.0,https://commons.wikimedia.org/wiki/File:Santiagobernabeupanoramav45.JPG,https://upload.wikimedia.org/wikipedia/commons/0/0a/Santiagobernabeupanoramav45.JPG?utm_source=commons.wikimedia.org&utm_campaign=imageinfo&utm_content=original,Recorte central 3:4 y conversión/redimensionado JPG 900x1200; se conserva la licencia indicada
assets/logos/barcelona.png,Escudo de FC Barcelona,Titular del escudo: el club; consultar ficha de origen,Escudo/marca: no se presupone licencia libre,,https://en.wikipedia.org/wiki/FC_Barcelona,https://thumb.wikimedia.org/wikipedia/en/thumb/4/47/FC_Barcelona_%28crest%29.svg/250px-FC_Barcelona_%28crest%29.svg.png?utm_source=en.wikipedia.org&utm_campaign=parser&utm_content=thumbnail,Ajuste de tamaño y lienzo transparente a 256x256
assets/photos/barcelona-1.jpg,File:2014. Camp Nou. Més que un club. Barcelona B40.jpg,Luis Miguel Bugallo Sánchez (Lmbuga),CC BY-SA 3.0,https://creativecommons.org/licenses/by-sa/3.0,https://commons.wikimedia.org/wiki/File:2014._Camp_Nou._M%C3%A9s_que_un_club._Barcelona_B40.jpg,https://upload.wikimedia.org/wikipedia/commons/a/a9/2014._Camp_Nou._M%C3%A9s_que_un_club._Barcelona_B40.jpg?utm_source=commons.wikimedia.org&utm_campaign=imageinfo&utm_content=original,Recorte central 3:4 y conversión/redimensionado JPG 900x1200; se conserva la licencia indicada
assets/photos/barcelona-2.jpg,File:LFP - Barcelona vs Mallorca pre-match - Oct 3rd 2010.jpg,Paolo Costa Baldi,CC BY-SA 3.0,https://creativecommons.org/licenses/by-sa/3.0,https://commons.wikimedia.org/wiki/File:LFP_-_Barcelona_vs_Mallorca_pre-match_-_Oct_3rd_2010.jpg,https://upload.wikimedia.org/wikipedia/commons/e/e7/LFP_-_Barcelona_vs_Mallorca_pre-match_-_Oct_3rd_2010.jpg?utm_source=commons.wikimedia.org&utm_campaign=imageinfo&utm_content=original,Recorte central 3:4 y conversión/redimensionado JPG 900x1200; se conserva la licencia indicada
assets/logos/atletico-de-madrid.png,Escudo de Atlético Madrid,Titular del escudo: el club; consultar ficha de origen,Escudo/marca: no se presupone licencia libre,,https://en.wikipedia.org/wiki/Atl%C3%A9tico_Madrid,https://thumb.wikimedia.org/wikipedia/en/thumb/f/f9/Atletico_Madrid_Logo_2024.svg/250px-Atletico_Madrid_Logo_2024.svg.png?utm_source=en.wikipedia.org&utm_campaign=parser&utm_content=thumbnail,Ajuste de tamaño y lienzo transparente a 256x256
assets/photos/atletico-de-madrid-1.jpg,File:Wanda Metropolitano Stadium Dec 2017 (39ea73b8c7 o).jpg,Jose A.,CC BY 2.0,https://creativecommons.org/licenses/by/2.0,https://commons.wikimedia.org/wiki/File:Wanda_Metropolitano_Stadium_Dec_2017_(39ea73b8c7_o).jpg,https://upload.wikimedia.org/wikipedia/commons/0/03/Wanda_Metropolitano_Stadium_Dec_2017_%2839ea73b8c7_o%29.jpg?utm_source=commons.wikimedia.org&utm_campaign=imageinfo&utm_content=original,Recorte central 3:4 y conversión/redimensionado JPG 900x1200; se conserva la licencia indicada
assets/photos/atletico-de-madrid-2.jpg,File:Madrid - Estadio Wanda Metropolitano 21.jpg,Zarateman,CC0,http://creativecommons.org/publicdomain/zero/1.0/deed.en,https://commons.wikimedia.org/wiki/File:Madrid_-_Estadio_Wanda_Metropolitano_21.jpg,https://upload.wikimedia.org/wikipedia/commons/1/15/Madrid_-_Estadio_Wanda_Metropolitano_21.jpg?utm_source=commons.wikimedia.org&utm_campaign=imageinfo&utm_content=original,Recorte central 3:4 y conversión/redimensionado JPG 900x1200; se conserva la licencia indicada
assets/logos/athletic-club.png,Escudo de Athletic Bilbao,Titular del escudo: el club; consultar ficha de origen,Escudo/marca: no se presupone licencia libre,,https://en.wikipedia.org/wiki/Athletic_Bilbao,https://thumb.wikimedia.org/wikipedia/en/thumb/9/98/Club_Athletic_Bilbao_logo.svg/250px-Club_Athletic_Bilbao_logo.svg.png?utm_source=en.wikipedia.org&utm_campaign=parser&utm_content=thumbnail,Ajuste de tamaño y lienzo transparente a 256x256
assets/photos/athletic-club-1.jpg,File:San Mames Barria eta Bilboko ikuspegia.jpg,Mikel Arrazola,CC BY 3.0,https://creativecommons.org/licenses/by/3.0,https://commons.wikimedia.org/wiki/File:San_Mames_Barria_eta_Bilboko_ikuspegia.jpg,https://upload.wikimedia.org/wikipedia/commons/b/bf/San_Mames_Barria_eta_Bilboko_ikuspegia.jpg?utm_source=commons.wikimedia.org&utm_campaign=imageinfo&utm_content=original,Recorte central 3:4 y conversión/redimensionado JPG 900x1200; se conserva la licencia indicada
assets/photos/athletic-club-2.jpg,File:San Mames.jpg,Matthias Holthus,CC BY-SA 3.0,https://creativecommons.org/licenses/by-sa/3.0,https://commons.wikimedia.org/wiki/File:San_Mames.jpg,https://upload.wikimedia.org/wikipedia/commons/8/85/San_Mames.jpg?utm_source=commons.wikimedia.org&utm_campaign=imageinfo&utm_content=original,Recorte central 3:4 y conversión/redimensionado JPG 900x1200; se conserva la licencia indicada
assets/logos/valencia.png,Escudo de Valencia CF,Titular del escudo: el club; consultar ficha de origen,Escudo/marca: no se presupone licencia libre,,https://en.wikipedia.org/wiki/Valencia_CF,https://thumb.wikimedia.org/wikipedia/en/thumb/c/ce/Valenciacf.svg/250px-Valenciacf.svg.png?utm_source=en.wikipedia.org&utm_campaign=parser&utm_content=thumbnail,Ajuste de tamaño y lienzo transparente a 256x256
assets/photos/valencia-1.jpg,File:CAMP DE MESTALLA GRADA DE LA MAR 2014.JPG,Valencia CF,CC BY-SA 4.0,https://creativecommons.org/licenses/by-sa/4.0,https://commons.wikimedia.org/wiki/File:CAMP_DE_MESTALLA_GRADA_DE_LA_MAR_2014.JPG,https://upload.wikimedia.org/wikipedia/commons/0/03/CAMP_DE_MESTALLA_GRADA_DE_LA_MAR_2014.JPG?utm_source=commons.wikimedia.org&utm_campaign=imageinfo&utm_content=original,Recorte central 3:4 y conversión/redimensionado JPG 900x1200; se conserva la licencia indicada
assets/photos/valencia-2.jpg,File:Mestalla 02.JPG,Dorieo,CC BY-SA 4.0,https://creativecommons.org/licenses/by-sa/4.0,https://commons.wikimedia.org/wiki/File:Mestalla_02.JPG,https://upload.wikimedia.org/wikipedia/commons/b/bf/Mestalla_02.JPG?utm_source=commons.wikimedia.org&utm_campaign=imageinfo&utm_content=original,Recorte central 3:4 y conversión/redimensionado JPG 900x1200; se conserva la licencia indicada
assets/logos/real-sociedad.png,Escudo de Real Sociedad,Titular del escudo: el club; consultar ficha de origen,Escudo/marca: no se presupone licencia libre,,https://en.wikipedia.org/wiki/Real_Sociedad,https://thumb.wikimedia.org/wikipedia/en/thumb/f/f1/Real_Sociedad_logo.svg/250px-Real_Sociedad_logo.svg.png?utm_source=en.wikipedia.org&utm_campaign=parser&utm_content=thumbnail,Ajuste de tamaño y lienzo transparente a 256x256
assets/photos/real-sociedad-1.jpg,"File:Anoeta_estadioa_31,_Donostia,_Gipuzkoa,_Euskal_Herria.jpg",Bhgh543bgf,CC BY-SA 4.0,https://creativecommons.org/licenses/by-sa/4.0/,https://commons.wikimedia.org/wiki/File:Anoeta_estadioa_31%2C_Donostia%2C_Gipuzkoa%2C_Euskal_Herria.jpg,https://upload.wikimedia.org/wikipedia/commons/5/59/Anoeta_estadioa_31%2C_Donostia%2C_Gipuzkoa%2C_Euskal_Herria.jpg,Recorte central 3:4 y conversión/redimensionado JPG 900x1200; se conserva la licencia indicada
assets/photos/real-sociedad-2.jpg,File:San_Sebastián_-_Estadio_de_Anoeta_2.jpg,Zarateman,CC0,https://creativecommons.org/publicdomain/zero/1.0/,https://commons.wikimedia.org/wiki/File:San_Sebasti%C3%A1n_-_Estadio_de_Anoeta_2.jpg,https://upload.wikimedia.org/wikipedia/commons/c/ce/San_Sebasti%C3%A1n_-_Estadio_de_Anoeta_2.jpg,Recorte central 3:4 y conversión/redimensionado JPG 900x1200; se conserva la licencia indicada
assets/logos/sevilla.png,Escudo de Sevilla FC,Titular del escudo: el club; consultar ficha de origen,Escudo/marca: no se presupone licencia libre,,https://en.wikipedia.org/wiki/Sevilla_FC,https://thumb.wikimedia.org/wikipedia/en/thumb/3/3b/Sevilla_FC_logo.svg/250px-Sevilla_FC_logo.svg.png?utm_source=en.wikipedia.org&utm_campaign=parser&utm_content=thumbnail,Ajuste de tamaño y lienzo transparente a 256x256
assets/photos/sevilla-1.jpg,File:Estadio Ramón Sánchez Pizjuán Gol Norte tifo-2007-04-05.jpg,https://www.flickr.com/people/inkiboo/,CC BY 2.0,https://creativecommons.org/licenses/by/2.0,https://commons.wikimedia.org/wiki/File:Estadio_Ram%C3%B3n_S%C3%A1nchez_Pizju%C3%A1n_Gol_Norte_tifo-2007-04-05.jpg,https://upload.wikimedia.org/wikipedia/commons/6/69/Estadio_Ram%C3%B3n_S%C3%A1nchez_Pizju%C3%A1n_Gol_Norte_tifo-2007-04-05.jpg?utm_source=commons.wikimedia.org&utm_campaign=imageinfo&utm_content=original,Recorte central 3:4 y conversión/redimensionado JPG 900x1200; se conserva la licencia indicada
assets/photos/sevilla-2.jpg,File:2022-10-25 1 Estadio Ramón Sánchez Pizjuán (Sevilla FC).jpg,Niels98,CC BY-SA 4.0,https://creativecommons.org/licenses/by-sa/4.0,https://commons.wikimedia.org/wiki/File:2022-10-25_1_Estadio_Ram%C3%B3n_S%C3%A1nchez_Pizju%C3%A1n_(Sevilla_FC).jpg,https://upload.wikimedia.org/wikipedia/commons/f/fe/2022-10-25_1_Estadio_Ram%C3%B3n_S%C3%A1nchez_Pizju%C3%A1n_%28Sevilla_FC%29.jpg?utm_source=commons.wikimedia.org&utm_campaign=imageinfo&utm_content=original,Recorte central 3:4 y conversión/redimensionado JPG 900x1200; se conserva la licencia indicada
assets/logos/real-betis.png,Escudo de Real Betis,Titular del escudo: el club; consultar ficha de origen,Escudo/marca: no se presupone licencia libre,,https://en.wikipedia.org/wiki/Real_Betis,https://thumb.wikimedia.org/wikipedia/en/thumb/2/2f/Real_Betis_2022_logo.svg/250px-Real_Betis_2022_logo.svg.png?utm_source=en.wikipedia.org&utm_campaign=parser&utm_content=thumbnail,Ajuste de tamaño y lienzo transparente a 256x256
assets/photos/real-betis-1.jpg,File:Estadio Benito Villamarín - Sevilla - 01.jpg,Maesi64,CC0,http://creativecommons.org/publicdomain/zero/1.0/deed.en,https://commons.wikimedia.org/wiki/File:Estadio_Benito_Villamar%C3%ADn_-_Sevilla_-_01.jpg,https://upload.wikimedia.org/wikipedia/commons/5/56/Estadio_Benito_Villamar%C3%ADn_-_Sevilla_-_01.jpg?utm_source=commons.wikimedia.org&utm_campaign=imageinfo&utm_content=original,Recorte central 3:4 y conversión/redimensionado JPG 900x1200; se conserva la licencia indicada
assets/photos/real-betis-2.jpg,File:Estadio Benito Villamarín - Sevilla - 02.jpg,Maesi64,CC0,http://creativecommons.org/publicdomain/zero/1.0/deed.en,https://commons.wikimedia.org/wiki/File:Estadio_Benito_Villamar%C3%ADn_-_Sevilla_-_02.jpg,https://upload.wikimedia.org/wikipedia/commons/4/4f/Estadio_Benito_Villamar%C3%ADn_-_Sevilla_-_02.jpg?utm_source=commons.wikimedia.org&utm_campaign=imageinfo&utm_content=original,Recorte central 3:4 y conversión/redimensionado JPG 900x1200; se conserva la licencia indicada
assets/logos/villarreal.png,Escudo de Villarreal CF,Titular del escudo: el club; consultar ficha de origen,Escudo/marca: no se presupone licencia libre,,https://en.wikipedia.org/wiki/Villarreal_CF,https://thumb.wikimedia.org/wikipedia/en/thumb/b/b9/Villarreal_CF_logo-en.svg/250px-Villarreal_CF_logo-en.svg.png?utm_source=en.wikipedia.org&utm_campaign=parser&utm_content=thumbnail,Ajuste de tamaño y lienzo transparente a 256x256
assets/photos/villarreal-1.jpg,File:Villarreal CF - UD Almería (2012-13).JPG,Millars,CC BY-SA 3.0,https://creativecommons.org/licenses/by-sa/3.0,https://commons.wikimedia.org/wiki/File:Villarreal_CF_-_UD_Almer%C3%ADa_(2012-13).JPG,https://upload.wikimedia.org/wikipedia/commons/7/78/Villarreal_CF_-_UD_Almer%C3%ADa_%282012-13%29.JPG?utm_source=commons.wikimedia.org&utm_campaign=imageinfo&utm_content=original,Recorte central 3:4 y conversión/redimensionado JPG 900x1200; se conserva la licencia indicada
assets/photos/villarreal-2.jpg,File:El Madrigal Stadium 01.jpg,Emilio Leiras,CC BY 2.0,https://creativecommons.org/licenses/by/2.0,https://commons.wikimedia.org/wiki/File:El_Madrigal_Stadium_01.jpg,https://upload.wikimedia.org/wikipedia/commons/2/2e/El_Madrigal_Stadium_01.jpg?utm_source=commons.wikimedia.org&utm_campaign=imageinfo&utm_content=original,Recorte central 3:4 y conversión/redimensionado JPG 900x1200; se conserva la licencia indicada
assets/logos/celta-de-vigo.png,Escudo de RC Celta de Vigo,Titular del escudo: el club; consultar ficha de origen,Escudo/marca: no se presupone licencia libre,,https://en.wikipedia.org/wiki/RC_Celta_de_Vigo,https://thumb.wikimedia.org/wikipedia/en/thumb/1/12/RC_Celta_de_Vigo_logo.svg/250px-RC_Celta_de_Vigo_logo.svg.png?utm_source=en.wikipedia.org&utm_campaign=parser&utm_content=thumbnail,Ajuste de tamaño y lienzo transparente a 256x256
assets/photos/celta-de-vigo-1.jpg,File:Balaidos_hoy.jpg,BandidoBanderas,CC BY-SA 4.0,https://creativecommons.org/licenses/by-sa/4.0/,https://commons.wikimedia.org/wiki/File:Balaidos_hoy.jpg,https://upload.wikimedia.org/wikipedia/commons/5/58/Balaidos_hoy.jpg,Recorte central 3:4 y conversión/redimensionado JPG 900x1200; se conserva la licencia indicada
assets/photos/celta-de-vigo-2.jpg,File:Grada_Marcador.JPG,Jsmq,CC BY 3.0,https://creativecommons.org/licenses/by/3.0/,https://commons.wikimedia.org/wiki/File:Grada_Marcador.JPG,https://upload.wikimedia.org/wikipedia/commons/b/b2/Grada_Marcador.JPG,Recorte central 3:4 y conversión/redimensionado JPG 900x1200; se conserva la licencia indicada
assets/logos/osasuna.png,Escudo de CA Osasuna,Titular del escudo: el club; consultar ficha de origen,Escudo/marca: no se presupone licencia libre,,https://en.wikipedia.org/wiki/CA_Osasuna,https://thumb.wikimedia.org/wikipedia/en/thumb/3/38/CA_Osasuna_2024_crest.svg/250px-CA_Osasuna_2024_crest.svg.png?utm_source=en.wikipedia.org&utm_campaign=parser&utm_content=thumbnail,Ajuste de tamaño y lienzo transparente a 256x256
assets/photos/osasuna-1.jpg,File:Estadio_El_Sadar.jpg,Visma17,CC BY-SA 4.0,https://creativecommons.org/licenses/by-sa/4.0/,https://commons.wikimedia.org/wiki/File:Estadio_El_Sadar.jpg,https://upload.wikimedia.org/wikipedia/commons/a/a4/Estadio_El_Sadar.jpg,Recorte central 3:4 y conversión/redimensionado JPG 900x1200; se conserva la licencia indicada
assets/photos/osasuna-2.jpg,File:Inside_Estadio_Reyno_de_Navarra.JPG,Stuart MacDonald (Macdstu),CC BY 3.0,https://creativecommons.org/licenses/by/3.0/,https://commons.wikimedia.org/wiki/File:Inside_Estadio_Reyno_de_Navarra.JPG,https://upload.wikimedia.org/wikipedia/commons/7/7d/Inside_Estadio_Reyno_de_Navarra.JPG,Recorte central 3:4 y conversión/redimensionado JPG 900x1200; se conserva la licencia indicada
assets/logos/espanyol.png,Escudo de RCD Espanyol,Titular del escudo: el club; consultar ficha de origen,Escudo/marca: no se presupone licencia libre,,https://en.wikipedia.org/wiki/RCD_Espanyol,https://thumb.wikimedia.org/wikipedia/en/thumb/9/92/RCD_Espanyol_crest.svg/250px-RCD_Espanyol_crest.svg.png?utm_source=en.wikipedia.org&utm_campaign=parser&utm_content=thumbnail,Ajuste de tamaño y lienzo transparente a 256x256
assets/photos/espanyol-1.jpg,File:Stage Front Stadium.jpg,RCD Espanyol de Barcelona,CC BY-SA 4.0,https://creativecommons.org/licenses/by-sa/4.0,https://commons.wikimedia.org/wiki/File:Stage_Front_Stadium.jpg,https://upload.wikimedia.org/wikipedia/commons/9/9f/Stage_Front_Stadium.jpg?utm_source=commons.wikimedia.org&utm_campaign=imageinfo&utm_content=original,Recorte central 3:4 y conversión/redimensionado JPG 900x1200; se conserva la licencia indicada
assets/photos/espanyol-2.jpg,File:Estadi RCD Espanyol - 2011-05-27 - JT Curses.jpg,JT Curses,CC BY-SA 4.0,https://creativecommons.org/licenses/by-sa/4.0,https://commons.wikimedia.org/wiki/File:Estadi_RCD_Espanyol_-_2011-05-27_-_JT_Curses.jpg,https://upload.wikimedia.org/wikipedia/commons/5/51/Estadi_RCD_Espanyol_-_2011-05-27_-_JT_Curses.jpg?utm_source=commons.wikimedia.org&utm_campaign=imageinfo&utm_content=original,Recorte central 3:4 y conversión/redimensionado JPG 900x1200; se conserva la licencia indicada
assets/logos/getafe.png,Escudo de Getafe CF,Titular del escudo: el club; consultar ficha de origen,Escudo/marca: no se presupone licencia libre,,https://en.wikipedia.org/wiki/Getafe_CF,https://thumb.wikimedia.org/wikipedia/en/thumb/4/46/Getafe_logo.svg/250px-Getafe_logo.svg.png?utm_source=en.wikipedia.org&utm_campaign=parser&utm_content=thumbnail,Ajuste de tamaño y lienzo transparente a 256x256
assets/photos/getafe-1.jpg,File:The Coliseum Alfonso Pérez in 2018.jpg,Vincenzo.togni,CC BY-SA 4.0,https://creativecommons.org/licenses/by-sa/4.0,https://commons.wikimedia.org/wiki/File:The_Coliseum_Alfonso_P%C3%A9rez_in_2018.jpg,https://upload.wikimedia.org/wikipedia/commons/b/ba/The_Coliseum_Alfonso_P%C3%A9rez_in_2018.jpg?utm_source=commons.wikimedia.org&utm_campaign=imageinfo&utm_content=original,Recorte central 3:4 y conversión/redimensionado JPG 900x1200; se conserva la licencia indicada
assets/photos/getafe-2.jpg,File:Getafe0-0Lega2018.jpg,Miguelazo84,CC BY-SA 4.0,https://creativecommons.org/licenses/by-sa/4.0,https://commons.wikimedia.org/wiki/File:Getafe0-0Lega2018.jpg,https://upload.wikimedia.org/wikipedia/commons/8/83/Getafe0-0Lega2018.jpg?utm_source=commons.wikimedia.org&utm_campaign=imageinfo&utm_content=original,Recorte central 3:4 y conversión/redimensionado JPG 900x1200; se conserva la licencia indicada
assets/logos/deportivo-alaves.png,Escudo de Deportivo Alavés,Titular del escudo: el club; consultar ficha de origen,Escudo/marca: no se presupone licencia libre,,https://en.wikipedia.org/wiki/Deportivo_Alav%C3%A9s,https://thumb.wikimedia.org/wikipedia/en/thumb/f/f8/Deportivo_Alaves_logo_%282020%29.svg/250px-Deportivo_Alaves_logo_%282020%29.svg.png?utm_source=en.wikipedia.org&utm_campaign=parser&utm_content=thumbnail,Ajuste de tamaño y lienzo transparente a 256x256
assets/photos/deportivo-alaves-1.jpg,File:Vitoria - Mendizorrotza 01.jpg,Basotxerri,CC BY-SA 4.0,https://creativecommons.org/licenses/by-sa/4.0,https://commons.wikimedia.org/wiki/File:Vitoria_-_Mendizorrotza_01.jpg,https://upload.wikimedia.org/wikipedia/commons/d/d6/Vitoria_-_Mendizorrotza_01.jpg?utm_source=commons.wikimedia.org&utm_campaign=imageinfo&utm_content=original,Recorte central 3:4 y conversión/redimensionado JPG 900x1200; se conserva la licencia indicada
assets/photos/deportivo-alaves-2.jpg,File:Alavés2-2Lega2018.jpg,Miguelazo84,CC BY-SA 4.0,https://creativecommons.org/licenses/by-sa/4.0,https://commons.wikimedia.org/wiki/File:Alav%C3%A9s2-2Lega2018.jpg,https://upload.wikimedia.org/wikipedia/commons/1/16/Alav%C3%A9s2-2Lega2018.jpg?utm_source=commons.wikimedia.org&utm_campaign=imageinfo&utm_content=original,Recorte central 3:4 y conversión/redimensionado JPG 900x1200; se conserva la licencia indicada
assets/logos/rayo-vallecano.png,Escudo de Rayo Vallecano,Titular del escudo: el club; consultar ficha de origen,Escudo/marca: no se presupone licencia libre,,https://en.wikipedia.org/wiki/Rayo_Vallecano,https://thumb.wikimedia.org/wikipedia/en/thumb/d/d8/Rayo_Vallecano_logo.svg/250px-Rayo_Vallecano_logo.svg.png?utm_source=en.wikipedia.org&utm_campaign=parser&utm_content=thumbnail,Ajuste de tamaño y lienzo transparente a 256x256
assets/photos/rayo-vallecano-1.jpg,File:Estadio de vallecas.jpg,Rubén Sobrino,CC BY-SA 4.0,https://creativecommons.org/licenses/by-sa/4.0,https://commons.wikimedia.org/wiki/File:Estadio_de_vallecas.jpg,https://upload.wikimedia.org/wikipedia/commons/f/f5/Estadio_de_vallecas.jpg?utm_source=commons.wikimedia.org&utm_campaign=imageinfo&utm_content=original,Recorte central 3:4 y conversión/redimensionado JPG 900x1200; se conserva la licencia indicada
assets/photos/rayo-vallecano-2.jpg,File:Campo de fútbol de Vallecas en el descanso del Rayo Vallecano - Real Betis 23-24.jpg,Davicilio20,CC0,http://creativecommons.org/publicdomain/zero/1.0/deed.en,https://commons.wikimedia.org/wiki/File:Campo_de_f%C3%BAtbol_de_Vallecas_en_el_descanso_del_Rayo_Vallecano_-_Real_Betis_23-24.jpg,https://upload.wikimedia.org/wikipedia/commons/f/fa/Campo_de_f%C3%BAtbol_de_Vallecas_en_el_descanso_del_Rayo_Vallecano_-_Real_Betis_23-24.jpg?utm_source=commons.wikimedia.org&utm_campaign=imageinfo&utm_content=original,Recorte central 3:4 y conversión/redimensionado JPG 900x1200; se conserva la licencia indicada
assets/logos/deportivo-de-la-coruna.png,Escudo de Deportivo de La Coruña,Titular del escudo: el club; consultar ficha de origen,Escudo/marca: no se presupone licencia libre,,https://en.wikipedia.org/wiki/Deportivo_de_La_Coru%C3%B1a,https://thumb.wikimedia.org/wikipedia/en/thumb/5/56/RC_Deportivo_A_Coru%C3%B1a_logo_2026.svg/250px-RC_Deportivo_A_Coru%C3%B1a_logo_2026.svg.png?utm_source=en.wikipedia.org&utm_campaign=parser&utm_content=thumbnail,Ajuste de tamaño y lienzo transparente a 256x256
assets/photos/deportivo-de-la-coruna-1.jpg,File:Estadio de Riazor.A Corunha.Galiza.jpg,Albert galiza,CC BY-SA 3.0,http://creativecommons.org/licenses/by-sa/3.0/,https://commons.wikimedia.org/wiki/File:Estadio_de_Riazor.A_Corunha.Galiza.jpg,https://upload.wikimedia.org/wikipedia/commons/9/9d/Estadio_de_Riazor.A_Corunha.Galiza.jpg?utm_source=commons.wikimedia.org&utm_campaign=imageinfo&utm_content=original,Recorte central 3:4 y conversión/redimensionado JPG 900x1200; se conserva la licencia indicada
assets/photos/deportivo-de-la-coruna-2.jpg,File:Estadio de Riazor - 1.jpg,"Pablo Herrero from LA CORUÑA, Spain",CC BY 2.0,https://creativecommons.org/licenses/by/2.0,https://commons.wikimedia.org/wiki/File:Estadio_de_Riazor_-_1.jpg,https://upload.wikimedia.org/wikipedia/commons/8/80/Estadio_de_Riazor_-_1.jpg?utm_source=commons.wikimedia.org&utm_campaign=imageinfo&utm_content=original,Recorte central 3:4 y conversión/redimensionado JPG 900x1200; se conserva la licencia indicada
assets/logos/elche.png,Escudo de Elche CF,Titular del escudo: el club; consultar ficha de origen,Escudo/marca: no se presupone licencia libre,,https://en.wikipedia.org/wiki/Elche_CF,https://thumb.wikimedia.org/wikipedia/en/thumb/a/a7/Elche_CF_logo.svg/250px-Elche_CF_logo.svg.png?utm_source=en.wikipedia.org&utm_campaign=parser&utm_content=thumbnail,Ajuste de tamaño y lienzo transparente a 256x256
assets/photos/elche-1.jpg,File:Imagen Estadio Martínez Valero (2018).jpg,Magicloren,CC BY-SA 4.0,https://creativecommons.org/licenses/by-sa/4.0,https://commons.wikimedia.org/wiki/File:Imagen_Estadio_Mart%C3%ADnez_Valero_(2018).jpg,https://upload.wikimedia.org/wikipedia/commons/e/e3/Imagen_Estadio_Mart%C3%ADnez_Valero_%282018%29.jpg?utm_source=commons.wikimedia.org&utm_campaign=imageinfo&utm_content=original,Recorte central 3:4 y conversión/redimensionado JPG 900x1200; se conserva la licencia indicada
assets/photos/elche-2.jpg,File:Martínez Valero (interior - 2015).jpg,Victormartinezm,CC BY-SA 4.0,https://creativecommons.org/licenses/by-sa/4.0,https://commons.wikimedia.org/wiki/File:Mart%C3%ADnez_Valero_(interior_-_2015).jpg,https://upload.wikimedia.org/wikipedia/commons/8/80/Mart%C3%ADnez_Valero_%28interior_-_2015%29.jpg?utm_source=commons.wikimedia.org&utm_campaign=imageinfo&utm_content=original,Recorte central 3:4 y conversión/redimensionado JPG 900x1200; se conserva la licencia indicada
assets/logos/levante.png,Escudo de Levante UD,Titular del escudo: el club; consultar ficha de origen,Escudo/marca: no se presupone licencia libre,,https://en.wikipedia.org/wiki/Levante_UD,https://thumb.wikimedia.org/wikipedia/en/thumb/7/7b/Levante_Uni%C3%B3n_Deportiva%2C_S.A.D._logo.svg/250px-Levante_Uni%C3%B3n_Deportiva%2C_S.A.D._logo.svg.png?utm_source=en.wikipedia.org&utm_campaign=parser&utm_content=thumbnail,Ajuste de tamaño y lienzo transparente a 256x256
assets/photos/levante-1.jpg,File:Estadi Ciutat de València - nocturna.jpg,Francesc Fort,CC BY-SA 4.0,https://creativecommons.org/licenses/by-sa/4.0,https://commons.wikimedia.org/wiki/File:Estadi_Ciutat_de_Val%C3%A8ncia_-_nocturna.jpg,https://upload.wikimedia.org/wikipedia/commons/d/d3/Estadi_Ciutat_de_Val%C3%A8ncia_-_nocturna.jpg?utm_source=commons.wikimedia.org&utm_campaign=imageinfo&utm_content=original,Recorte central 3:4 y conversión/redimensionado JPG 900x1200; se conserva la licencia indicada
assets/photos/levante-2.jpg,File:Estadi Ciutat de València interior.jpg,Francesc Fort,CC BY-SA 4.0,https://creativecommons.org/licenses/by-sa/4.0,https://commons.wikimedia.org/wiki/File:Estadi_Ciutat_de_Val%C3%A8ncia_interior.jpg,https://upload.wikimedia.org/wikipedia/commons/1/1c/Estadi_Ciutat_de_Val%C3%A8ncia_interior.jpg?utm_source=commons.wikimedia.org&utm_campaign=imageinfo&utm_content=original,Recorte central 3:4 y conversión/redimensionado JPG 900x1200; se conserva la licencia indicada
assets/logos/malaga.png,Escudo de Málaga CF,Titular del escudo: el club; consultar ficha de origen,Escudo/marca: no se presupone licencia libre,,https://en.wikipedia.org/wiki/M%C3%A1laga_CF,https://thumb.wikimedia.org/wikipedia/en/thumb/6/6d/M%C3%A1laga_CF.svg/250px-M%C3%A1laga_CF.svg.png?utm_source=en.wikipedia.org&utm_campaign=parser&utm_content=thumbnail,Ajuste de tamaño y lienzo transparente a 256x256
assets/photos/malaga-1.jpg,File:La Rosaleda 2014 (cropped).jpg,Leo Hidalgo (@yompyHERE),CC BY 2.0,https://creativecommons.org/licenses/by/2.0,https://commons.wikimedia.org/wiki/File:La_Rosaleda_2014_(cropped).jpg,https://upload.wikimedia.org/wikipedia/commons/4/49/La_Rosaleda_2014_%28cropped%29.jpg?utm_source=commons.wikimedia.org&utm_campaign=imageinfo&utm_content=original,Recorte central 3:4 y conversión/redimensionado JPG 900x1200; se conserva la licencia indicada
assets/photos/malaga-2.jpg,"File:Estadio La Rosaleda, Málaga, at dusk.jpg",Alan Grant,CC BY 4.0,https://creativecommons.org/licenses/by/4.0,"https://commons.wikimedia.org/wiki/File:Estadio_La_Rosaleda,_M%C3%A1laga,_at_dusk.jpg",https://upload.wikimedia.org/wikipedia/commons/1/19/Estadio_La_Rosaleda%2C_M%C3%A1laga%2C_at_dusk.jpg?utm_source=commons.wikimedia.org&utm_campaign=imageinfo&utm_content=original,Recorte central 3:4 y conversión/redimensionado JPG 900x1200; se conserva la licencia indicada
assets/logos/real-racing-club.png,Escudo de Racing de Santander,Titular del escudo: el club; consultar ficha de origen,Escudo/marca: no se presupone licencia libre,,https://en.wikipedia.org/wiki/Racing_de_Santander,https://thumb.wikimedia.org/wikipedia/en/thumb/f/f5/Racing_de_Santander_logo.svg/250px-Racing_de_Santander_logo.svg.png?utm_source=en.wikipedia.org&utm_campaign=parser&utm_content=thumbnail,Ajuste de tamaño y lienzo transparente a 256x256
assets/photos/real-racing-club-1.jpg,File:Fachada oeste Campos de Sport de El Sardinero.jpg,Emilio Gómez Fernández,CC BY-SA 4.0,https://creativecommons.org/licenses/by-sa/4.0,https://commons.wikimedia.org/wiki/File:Fachada_oeste_Campos_de_Sport_de_El_Sardinero.jpg,https://upload.wikimedia.org/wikipedia/commons/d/d0/Fachada_oeste_Campos_de_Sport_de_El_Sardinero.jpg?utm_source=commons.wikimedia.org&utm_campaign=imageinfo&utm_content=original,Recorte central 3:4 y conversión/redimensionado JPG 900x1200; se conserva la licencia indicada
assets/photos/real-racing-club-2.jpg,File:Santander.Real.Club.Racing.de.Santander.jpg,Year of the dragon,CC BY-SA 3.0,https://creativecommons.org/licenses/by-sa/3.0/,https://commons.wikimedia.org/wiki/File:Santander.Real.Club.Racing.de.Santander.jpg,https://upload.wikimedia.org/wikipedia/commons/9/94/Santander.Real.Club.Racing.de.Santander.jpg?utm_source=commons.wikimedia.org&utm_campaign=imageinfo&utm_content=original,Recorte central 3:4 y conversión/redimensionado JPG 900x1200; se conserva la licencia indicada
